{
    "accuracy": 0.973,
    "report": {
        "0": {
            "precision": 0.9702823179791976,
            "recall": 0.9893939393939394,
            "f1-score": 0.9797449362340586,
            "support": 660.0
        },
        "1": {
            "precision": 0.9785932721712538,
            "recall": 0.9411764705882353,
            "f1-score": 0.95952023988006,
            "support": 340.0
        },
        "accuracy": 0.973,
        "macro avg": {
            "precision": 0.9744377950752257,
            "recall": 0.9652852049910874,
            "f1-score": 0.9696325880570593,
            "support": 1000.0
        },
        "weighted avg": {
            "precision": 0.9731080424044967,
            "recall": 0.973,
            "f1-score": 0.972868539473699,
            "support": 1000.0
        }
    },
    "feature_importance": {
        "Tenure": 0.2770301872073392,
        "MonthlyCharges": 0.24866622298786725,
        "TotalContacts": 0.025632515253992513,
        "ContractType": 0.28715138139893837,
        "SupportTickets": 0.1615196931518627
    }
}